{
	"version": "0.1",
	"character": [
		{
			"level": 1,
			"startingWeapon": "AXE",
			"cooldown": 1,
			"charName": "Gus",
			"surname": "the cat",
			"textureName": "characters",
			"spriteName": "gus_01.png",
			"skins": [
				{
					"id": 0,
					"name": "Default",
					"textureName": "characters",
					"spriteName": "gus_01.png",
					"walkingFrames": 4,
					"unlocked": true
				},
				{
					"id": 1,
					"name": "Legacy",
					"textureName": "characters",
					"spriteName": "gus_01.png",
					"walkingFrames": 4,
					"unlocked": true
				}
			],
			"currentSkinIndex": 0,
			"walkingFrames": 4,
			"description": "Gus the cat loves particles.",
			"isBought": true,
			"price": 0,
			"completedStages": [],
			"survivedMinutes": 0,
			"enemiesKilled": 0,
			"stageData": [],
			"maxHp": 120,
			"armor": 1,
			"regen": 0,
			"moveSpeed": 1,
			"power": 1,
			"area": 1,
			"speed": 1,
			"duration": 1,
			"amount": 0,
			"luck": 1,
			"growth": 1,
			"greed": 1,
			"curse": 1,
			"magnet": 0,
			"revivals": 0,
			"rerolls": 0,
			"skips": 0,
			"banish": 0,
			"showcase": [
				"SHADOWSERVANT",
				"SHADOWSERVANT",
				"SHADOWSERVANT",
				"SHADOWSERVANT",
				"SHADOWSERVANT",
				"SHADOWSERVANT",
				"SHADOWSERVANT",
				"AREA",
				"AREA",
				"AREA",
				"AREA",
				"AREA",
				"SPEED",
				"SPEED",
				"SPEED",
				"SPEED",
				"SPEED",
				"DURATION",
				"DURATION",
				"DURATION",
				"DURATION",
				"DURATION",
				"LUCK",
				"LUCK",
				"LUCK",
				"LUCK",
				"LUCK",
				"COOLDOWN",
				"COOLDOWN",
				"COOLDOWN",
				"COOLDOWN",
				"COOLDOWN",
				"AMOUNT",
				"AMOUNT"
			]
		},
		{
			"power": 0.1,
			"level": 10
		},
		{
			"power": 0.1,
			"level": 20,
			"growth": 1
		},
		{
			"power": 0.1,
			"level": 30
		},
		{
			"power": 0.1,
			"level": 40,
			"growth": 1
		},
		{
			"power": 0.1,
			"level": 50
		},
		{
			"level": 21,
			"growth": -1
		},
		{
			"level": 41,
			"growth": -1
		}
	]
}